,0
Next Level,aespa
Butter,방탄소년단
안녕 (Hello),조이 (JOY)
Dun Dun Dance,오마이걸(OH MY GIRL)
헤픈 우연,헤이즈(Heize)
"Peaches (feat. Daniel Caesar, Giveon)",Justin Bieber(저스틴 비버)
상상더하기,라붐(LABOUM)
ASAP,STAYC(스테이씨)
좋을텐데 (If Only) (Feat. 폴킴),조이 (JOY)
롤린 (Rollin'),브레이브걸스(Brave Girls)
라일락,아이유(IU)
Je T′aime,조이 (JOY)
Dynamite,방탄소년단
운전만해 (We Ride),브레이브걸스(Brave Girls)
마.피.아. In the morning,ITZY (있지)
WE GO,프로미스나인
Celebrity,아이유(IU)
체념,"정상동기 (김정수, 정기석, 이동휘, 이상이)"
Timeless,SG워너비
Off My Face,Justin Bieber(저스틴 비버)
If You Love Me (Feat. 주헌 (몬스타엑스)),NS Yoon-G
"사이렌 Remix (Feat. UNEDUCATED KID, Paul Blanco)",호미들
I Love U,성시경
"어떻게 이별까지 사랑하겠어, 널 사랑하는 거지",AKMU (악동뮤지션)
내사람: Partner For Life,SG워너비
서울의 잠 못 이루는 밤 (Feat. 이수현),10CM
Beautiful Mistakes,Maroon 5(마룬 파이브)
만약에,"M.O.M (별루지, 강창모, 박재정, 원슈타인)"
내 손을 잡아,아이유(IU)
0X1=LOVESONG (I Know I Love You) feat. Seori,투모로우바이투게더
맛 (Hot Sauce),NCT DREAM
Loving You Girl (feat. Hkeem),Peder Elias
Kiss Me More (feat. SZA),Doja Cat(도자 캣)
Coin,아이유(IU)
Day By Day,조이 (JOY)
라라라,SG워너비
그냥 안아달란 말야,다비치
Black Mamba,aespa
처음처럼 (Feat. 개리),헤이즈(Heize)
어푸 (Ah puh),아이유(IU)
Life Goes On,방탄소년단
Ashes,Stellar
Leave The Door Open,Bruno Mars(브루노 마스)
Savage Love (Laxed - Siren Beat) (BTS Remix),Jawsh 685
Dolphin,오마이걸(OH MY GIRL)
Save Your Tears (Remix),The Weeknd(위켄드)
Happy Birthday To You,조이 (JOY)
Save,NCT 127
듣고있나요 (Prod.조영수),케이시
나랑 같이 걸을래 (바른연애 길잡이 X 적재),적재
그럴때마다 (Be There For You),조이 (JOY)
12:45 (Stripped),Etham
에잇(Prod.&Feat. SUGA of BTS),아이유(IU)
parachute,John K
On The Ground,로제(ROSÉ)
살짝 설렜어 (Nonstop),오마이걸(OH MY GIRL)
신호등,이무진
밤편지,아이유(IU)
Where Are We Now,마마무(Mamamoo)
멜로디,ASH ISLAND
너를 사랑했던 시간,성시경
우리 한 때 사랑한 건,성시경
작은 것들을 위한 시 (Boy With Luv) (Feat. Halsey),방탄소년단
흔들리는 꽃들 속에서 네 샴푸향이 느껴진거야,장범준
At My Worst,Pink Sweat$
봄날,방탄소년단
꽃이 예뻐봤자 뭐해,신용재 (2F)
Lovesick Girls,BLACKPINK
Blueming,아이유(IU)
Little Bit of Love,Tom Grennan(톰 그레넌)
"LOVE DAY (2021) (바른연애 길잡이 X 양요섭, 정은지)",양요섭
너의 발걸음에 빛을 비춰줄게 (Prod. 조영수),케이시
취기를 빌려 (취향저격 그녀 X 산들),산들
감기 (Feat. 창모),헤이즈(Heize)
Like 1999,Valley
밤하늘의 별을(2020),경서
영영,포맨 (4MEN)
2002,Anne-Marie(앤 마리)
"모든 날, 모든 순간 (Every day, Every Moment)",폴킴(Paul Kim)
밝게 빛나는 별이 되어 비춰줄게,송이한
닫힌엔딩 (Closed Ending),숀(SHAUN)
미안해 널 사랑해 (Feat. 김필),헤이즈(Heize)
FRIENDS (Prod. Slom),릴보이(lIlBOI)
아이와 나의 바다,아이유(IU)
잠이 오질 않네요,장범준
고래 (Dive Into You),NCT DREAM
Flu,아이유(IU)
별 보러 가자,적재
살다가,SG워너비
궁금해 (Prod. GRAY),"쌔끈보이즈 (박재범, Don Mills, 로꼬, 넉살)"
라미란이,라미란
우연이 아닌것만 같아서,김나영
Bang!,AJR
You & Me (Feat. 윤민수 of VIBE),포맨 (4MEN)
별빛 같은 나의 사랑아,임영웅
이 밤을 빌려 말해요 (바른연애 길잡이 X 10CM),10CM
결혼,문문(MoonMoon)
봄에 내기엔 늦었고 여름에 내기엔 좀 이른 노래,형돈이와 대준이
사랑하는 당신께,폴킴(Paul Kim)
